-- phpMyAdmin SQL Dump
-- version 4.5.1
-- http://www.phpmyadmin.net
--
-- Servidor: 127.0.0.1
-- Tiempo de generación: 25-05-2018 a las 03:32:41
-- Versión del servidor: 10.1.9-MariaDB
-- Versión de PHP: 5.6.15

SET SQL_MODE = "NO_AUTO_VALUE_ON_ZERO";
SET time_zone = "+00:00";


/*!40101 SET @OLD_CHARACTER_SET_CLIENT=@@CHARACTER_SET_CLIENT */;
/*!40101 SET @OLD_CHARACTER_SET_RESULTS=@@CHARACTER_SET_RESULTS */;
/*!40101 SET @OLD_COLLATION_CONNECTION=@@COLLATION_CONNECTION */;
/*!40101 SET NAMES utf8mb4 */;

--
-- Base de datos: `horarios_db`
--

-- --------------------------------------------------------

--
-- Estructura de tabla para la tabla `asignacion`
--

CREATE TABLE `asignacion` (
  `CODASIG` char(10) NOT NULL,
  `CODMAT` int(11) NOT NULL,
  `IDDOC` char(10) NOT NULL
) ENGINE=InnoDB DEFAULT CHARSET=latin1;

-- --------------------------------------------------------

--
-- Estructura de tabla para la tabla `avisos`
--

CREATE TABLE `avisos` (
  `CODAVISO` int(10) NOT NULL,
  `CODMAT` int(11) DEFAULT NULL,
  `IDDOC` char(10) DEFAULT NULL,
  `IDUSUARIO` char(10) NOT NULL,
  `TITULO` text NOT NULL,
  `SUBTITULO` text,
  `CONTENIDO` text NOT NULL,
  `FECHA_HORA` datetime NOT NULL
) ENGINE=InnoDB DEFAULT CHARSET=latin1;

--
-- Volcado de datos para la tabla `avisos`
--

INSERT INTO `avisos` (`CODAVISO`, `CODMAT`, `IDDOC`, `IDUSUARIO`, `TITULO`, `SUBTITULO`, `CONTENIDO`, `FECHA_HORA`) VALUES
(47, 0, 'CLALUI', 'RONQUI', 'NOTAS DEL PRIMER PARCIAL', '', 'nota actualizada', '2018-04-27 17:11:35'),
(48, 2008058, 'CATRAU', 'RONQUI', 'AVISO', 'urgente', 'por motivos de salud hoy martes 24 de abril no se pasaran clases, tomen sus previciones', '2018-04-24 09:29:00'),
(51, 2008061, 'SORJOS', 'RONQUI', 'EXAMEN', 'fecha de examen', 'El primer parcial se postergo para lunes 30 de abril por motivos de salud.', '2018-04-27 15:59:44'),
(61, 1803001, 'ACHSAM', 'RONQUI', 'wdwad', '', 'sfsdf', '2018-04-27 16:28:55');

-- --------------------------------------------------------

--
-- Estructura de tabla para la tabla `docente`
--

CREATE TABLE `docente` (
  `IDDOC` char(10) NOT NULL,
  `NOMBREDOC` char(20) NOT NULL,
  `APELLIDODOC` char(20) NOT NULL
) ENGINE=InnoDB DEFAULT CHARSET=latin1;

--
-- Volcado de datos para la tabla `docente`
--

INSERT INTO `docente` (`IDDOC`, `NOMBREDOC`, `APELLIDODOC`) VALUES
('AA', '', ''),
('ACHSAM', 'SAMUEL', 'ACHA PEREZ'),
('AGRLUI', 'LUIS ROBERTO', 'AGREDA CORRALES'),
('ANTMAR', 'MARCELO', 'ANTEZANA CAMACHO'),
('APATAT', 'TATIANA', 'APARICIO YUJA'),
('ARALIG', 'LIGIA', 'ARANIBAR LA FUENTE'),
('ARIAGU', 'AGUSTIN WALTER', 'ARISPE SANTANDER'),
('AYOJOS', 'JOSE RICHARD', 'AYOROA CARDOZO'),
('AZEPAB', 'PABLO', 'AZERO ALCOCER'),
('BLALET', 'LETICIA', 'BLANCO COCA'),
('BUSALE', 'ALEX ISRRAEL', 'BUSTILLOS VARGAS'),
('CALBOR', 'BORIS', 'CALANCHA NAVIA'),
('CAMIND', 'INDIRA', 'CAMACHO DEL CASTILLO'),
('CARALV', 'ALVARO HERNANDO', 'CARRASCO CALVO'),
('CASCEC', 'CECILIA BEATRIZ', 'CASTRO LAZARTE'),
('CATRAU', 'RAUL', 'CATARI RIOS'),
('CESMAR', 'MARIA BENITA', 'CESPEDES GUIZADA'),
('CHOALE', 'ALEX D`ANCHGELO', 'CHOQUE FLORES'),
('CLALUI', 'LUIS GUALBERTO', 'CLAROS CRUZ'),
('COSCAR', 'CARLOS JAVIER', 'COSIO PAPADOPOLIS'),
('COSVLA', 'VLADIMIR ABEL', 'COSTAS JAUREGUI'),
('CUSGRO', 'GROBER HUMBERTO', 'CUSSI NICOLAS'),
('DAVJOR', 'JORGE', 'DAVALOS BROZOVIC'),
('DELDAV', 'DAVID ALFREDO', 'DELGADILLO COSSIO'),
('effd', 'marcelo', 'antezana'),
('ESCDAV', 'DAVID', 'ESCALERA FERNANDEZ'),
('FERDAV', 'DAVID', 'FERNANDE RAMOS'),
('FIOAME', 'AMERICO', 'FIORILO LOZADA'),
('FLOCOR', 'CORINA', 'FLORES VILLARROEL'),
('FLOFRE', 'FREDY', 'FLORES FLORES'),
('FLOJUA', 'JUAN MARCELO', 'FLORES SOLIZ'),
('GARCAR', 'CARMEN ROSA', 'GARCIA PEREZ'),
('GARJUA', 'JUAN RUBEN', 'GARCIA MOLINA'),
('GONLUC', 'LUCIO', 'GONZALES CARTAGENA'),
('GRIMAR', 'MARIA ESTELA', 'GRILLO SALVATIERRA'),
('GUTOSV', 'OSVALDO WALTER', 'GUTIERREZ ANDRADE'),
('GUTVIC', 'VICTOR', 'GUTIERREZ MARTINEZ'),
('GUZGON', 'GONZALO ENRIQUE', 'GUZMAN ORELLANA'),
('GUZROC', 'ROCIO', 'GUZMAN SAAVEDRA'),
('HERJOH', 'JOHNNY', 'HERRERA ACEBEY'),
('JALK.', 'K. ROLANDO', 'JALDIN ROSALES'),
('JUCDEM', 'DEMETRIO', 'JUCHANI BAZUALDO'),
('LAIVAL', 'VALENTIN', 'LAIME ZAPATA'),
('LEOGUA', 'GUALBERTO', 'LEON ROMERO'),
('LIMANI', 'ANIBAL', 'LIMA VACAFLORTITO'),
('LUCMAR', 'MARCELO JAVIER', 'LUCANO LUCANO'),
('MAGMAB', 'MABEL GLORIA', 'MAGARINOS VILLARROEL'),
('MANCAR', 'CARLOS B.', 'MANZUR SORIA'),
('MANROB', 'ROBERTO JUAN', 'MANCHEGO CASTELLON'),
('MEJVIC', 'VICTOR RAMIRO', 'MEJIA URQUIETA'),
('MONMAR', 'MARCO ANTONIO', 'MONTECINOS CHOQUE'),
('MONVIC', 'VICTOR HUGO', 'MONTANO QUIROGA'),
('MONYON', 'YONY RICHARD', 'MONTOYA BURGOS'),
('MORREN', 'RENE', 'MORERIRA CALIZAYA'),
('OMOJOS', 'JOSE ROBERTO', 'OMONTE OJALVO'),
('OMOJOSE', 'JOSE GIL', 'OMONTE OJALVO'),
('ORDELI', 'ELIZABETH', 'ORDONEZ CORDOVA'),
('ORDMIG', 'MIGUEL ANGEL', 'ORDONES SALVATIERRA'),
('OREJOR', 'JORGE WALTER', 'ORELLANA ARAOZ'),
('PATRON', 'RONALD EDGAR', 'PATINO TITO'),
('PEEMAG', 'MAGDA LENA', 'PEETERS ILONAA'),
('PERALF', 'ALFREDO', 'PERICON BALDERRAMA'),
('QUIABD', 'ABDON', 'QUIROZ CHAVEZ'),
('RODERI', 'ERIKA PATRICIA', 'RODRIGUEZ BILBAO'),
('RODJUA', 'JUAN ANTONIO', 'RODRIGUEZ SEJAS'),
('ROJRAM', 'RAMIRO', 'ROJAS ZURITA'),
('ROMPAT', 'PATRICIA', 'ROMERO RODRIGUEZ'),
('RUIIVA', 'IVAN', 'RUIZ UCUMARI'),
('sads', 'pablo', 'azero'),
('SALCAR', 'CARLA', 'SALAZAR SERRUDO'),
('SALROS', 'ROSEMARY', 'SALAZAR ANAYA'),
('SANPAB', 'PABLO', 'SANDOVAL ALCOCER'),
('SARARI', 'ARIEL ANTONIO', 'SARMIENTO FRANCO'),
('SHIGAL', 'GALINA', 'SHITIKOV GAGARINA'),
('SORJOS', 'JOSE ANTONIO', 'SORUCO MAITA'),
('SOTJUA', 'JUAN CARLOS', 'SOTO MOREIRA'),
('TABFID', 'FIDEL', 'TABORGA ACHA'),
('TAYDAR', 'DARLONG HOWARD', 'TAYLOR TERRAZAS'),
('TERJUA', 'JUAN', 'TERRAZAS LOBO'),
('TORROS', 'ROSEMARY', 'TORRICO BASCOPE'),
('UGUFEL', 'FELIX', 'UGUARTE CEJAS'),
('USTHER', 'HERNAN', 'USTARIZ VARGAS'),
('VALMAR', 'MARCO ANTONIO', 'VALLEJO CAMACHO'),
('VARADE', 'ADEMAR MARCELO', 'VARGAS ANTEZANA'),
('VAREMI', 'EMIR FELIX', 'VARGAS PEREDO'),
('VASMIC', 'MICHAEL HUASCAR', 'VASQUES CARRILLO'),
('VILHEN', 'HENRY FRANK', 'VILLARROEL TAPIA'),
('VILJIM', 'JIMMY', 'VILLARROEL NOVILLO'),
('ZABOSC', 'OSCAR A.', 'ZABALAGA MONTANO');

-- --------------------------------------------------------

--
-- Estructura de tabla para la tabla `materia`
--

CREATE TABLE `materia` (
  `CODMAT` int(11) NOT NULL,
  `NOMBREMAT` char(55) NOT NULL
) ENGINE=InnoDB DEFAULT CHARSET=latin1;

--
-- Volcado de datos para la tabla `materia`
--

INSERT INTO `materia` (`CODMAT`, `NOMBREMAT`) VALUES
(0, ''),
(1803001, 'INGLES I'),
(1803002, 'INGLES II'),
(1803009, 'INGLES III'),
(2006063, 'FISICA GENERAL'),
(2008019, 'ALGEBRA I'),
(2008022, 'ALGEBRA II'),
(2008054, 'CALCULO I'),
(2008056, 'CALCULO II'),
(2008057, 'MATEMATICA DISCRETA'),
(2008058, 'ECUACIONES DIFERENCIALES'),
(2008059, 'ESTADISTICA I'),
(2008060, 'CALCULO NUMERICO'),
(2008061, 'ESTADISTICA II'),
(2010003, 'ELEMENTOS DE PROGRAMACION Y ESTRUCTURA DE DATOS'),
(2010010, 'INTRODUCCION A LA PROGRAMACION'),
(2010012, 'METODOS TECNICAS Y TALLER DE PROGRAMACION'),
(2010013, 'ARQUITECTURA DE COMPUTADORAS I'),
(2010015, 'BASE DE DATOS I'),
(2010016, 'BASE DE DATOS II'),
(2010017, 'TALLER DE SISTEMAS OPERATIVOS'),
(2010018, 'SISTEMAS DE INFORMACION I'),
(2010019, 'SIMULACION DE SISTEMAS'),
(2010020, 'INGENIERIA DE SOFTWARE'),
(2010022, 'SISTEMAS DE INFORMACION II'),
(2010024, 'TALLER DE INGENIERIA DE SOFTWARE'),
(2010027, 'INTELIGENCIA ARTIFICIAL'),
(2010035, 'APLICACION DE SISTEMAS OPERATIVOS'),
(2010047, 'REDES DE COMPUTADORAS'),
(2010053, 'TALLER DE BASE DE DATOS'),
(2010066, 'PROCESOS AGILES'),
(2010076, 'BASE DE DATOS DISTRIBUIDAS'),
(2010085, 'RECUPERACION DE LA INFORMACION'),
(2010102, 'EVALUACION Y AUDITORIA DE SISTEMAS'),
(2010116, 'TALLER DE SIMULACION DE SISTEMAS'),
(2010119, 'METODOLOGIA Y PLANIFICACION DE PROYECTO DE GRADO'),
(2010122, 'PROYECTO FINAL'),
(2010140, 'METODOLOGIA  INVESTIGACION Y TECNICAS DE COMUNICACIÓN'),
(2010141, 'CIRCUITOS ELECTRONICOS'),
(2010142, 'SISTEMAS I'),
(2010143, 'SISTEMAS II'),
(2010144, 'SISTEMAS ECONOMICOS'),
(2010145, 'GESTION DE CALIDAD DE SOFTWARE'),
(2010146, 'REDES AVANZADAS DE COMPUTADORAS'),
(2010147, 'PRACTICA EMPRESARIAL'),
(2010176, 'PROGRAMACION DE SISTEMAS PARALELOS'),
(2010178, 'ENTORNOS VIRTUALES DE APRENDIZAJE'),
(2010186, 'DINAMICA DE SISTEMAS'),
(2010188, 'SERVICIOS TELEMATICOS'),
(2010189, 'RECONOCIMIENTO DE VOZ'),
(2010194, 'MODELACION Y CONTROL INTELIGENTE'),
(2010209, 'SEGURIDAD DE SISTEMAS'),
(2010210, 'INFORMATICA FORENSE'),
(2014087, 'ELECTROTECNIA INDUSTRIAL'),
(2016021, 'PLANIFICACION Y CONTROL DE LA PRODUCCION I'),
(2016023, 'INGENIERIA ECONOMICA'),
(2016027, 'PLANIFICACION Y CONTROL DE LA PRODUCCION II'),
(2016046, 'CONTABILIDAD BASICA'),
(2016048, 'INVESTIGACION OPERATIVA I'),
(2016049, 'COSTOS INDUSTRIALES'),
(2016051, 'INVESTIGACION OPERATIVA II'),
(2016052, 'INGENIERIA DE METODOS Y REINGENIERIA'),
(2016057, 'MERCADOTECNIA'),
(2016059, 'GESTION ESTRATEGICA DE EMPRESAS'),
(2016092, 'PLANIFICACION Y EVALUACION DE PROYECTOS');

-- --------------------------------------------------------

--
-- Estructura de tabla para la tabla `publicidad`
--

CREATE TABLE `publicidad` (
  `id_imagen` int(11) NOT NULL,
  `titulo` text NOT NULL,
  `ubicacion` varchar(50) NOT NULL,
  `fecha_hora` datetime NOT NULL
) ENGINE=InnoDB DEFAULT CHARSET=latin1;

--
-- Volcado de datos para la tabla `publicidad`
--

INSERT INTO `publicidad` (`id_imagen`, `titulo`, `ubicacion`, `fecha_hora`) VALUES
(1, 'Curso Java', 'uploads/img_publicidad/java.jpg', '0000-00-00 00:00:00'),
(2, 'JAVA SWING', 'uploads/img_publicidad/javaSwing.jpg', '2018-05-14 03:00:00'),
(12, 'LARAVEL', 'uploads/img_publicidad/laravel.jpg', '2018-05-15 15:00:00');

-- --------------------------------------------------------

--
-- Estructura de tabla para la tabla `tipo`
--

CREATE TABLE `tipo` (
  `CODTIPO` char(5) NOT NULL,
  `NOMBRETIPO` char(20) NOT NULL
) ENGINE=InnoDB DEFAULT CHARSET=latin1;

--
-- Volcado de datos para la tabla `tipo`
--

INSERT INTO `tipo` (`CODTIPO`, `NOMBRETIPO`) VALUES
('ADMIN', 'Administrador'),
('USER', 'Usuario');

-- --------------------------------------------------------

--
-- Estructura de tabla para la tabla `usuario`
--

CREATE TABLE `usuario` (
  `IDUSUARIO` char(10) NOT NULL,
  `CODTIPO` char(5) NOT NULL,
  `USERNAME` char(20) NOT NULL,
  `PASSWORD` char(15) NOT NULL,
  `NOMBREU` char(20) NOT NULL,
  `APELLIDOU` char(20) NOT NULL
) ENGINE=InnoDB DEFAULT CHARSET=latin1;

--
-- Volcado de datos para la tabla `usuario`
--

INSERT INTO `usuario` (`IDUSUARIO`, `CODTIPO`, `USERNAME`, `PASSWORD`, `NOMBREU`, `APELLIDOU`) VALUES
('', 'ADMIN', 'douglas', '123456', 'Douglas', 'Quisbert'),
('PABFLO', 'ADMIN', 'pabloneitor', 'userneitor', 'pablo nataniel', 'flores garcia'),
('RONQUI', 'ADMIN', 'Ronal', '123456', 'Ronaldo Bautista', 'Quispe Condori'),
('SECRE', 'USER', 'secretaria', 'secretaria', 'secretaria', '');

--
-- Índices para tablas volcadas
--

--
-- Indices de la tabla `asignacion`
--
ALTER TABLE `asignacion`
  ADD PRIMARY KEY (`CODASIG`),
  ADD KEY `FK_RELATIONSHIP_5` (`IDDOC`),
  ADD KEY `FK_RELATIONSHIP_7` (`CODMAT`);

--
-- Indices de la tabla `avisos`
--
ALTER TABLE `avisos`
  ADD PRIMARY KEY (`CODAVISO`),
  ADD KEY `FK_RELATIONSHIP_10` (`IDDOC`),
  ADD KEY `FK_RELATIONSHIP_11` (`CODMAT`),
  ADD KEY `FK_RELATIONSHIP_12` (`IDUSUARIO`);

--
-- Indices de la tabla `docente`
--
ALTER TABLE `docente`
  ADD PRIMARY KEY (`IDDOC`);

--
-- Indices de la tabla `materia`
--
ALTER TABLE `materia`
  ADD PRIMARY KEY (`CODMAT`);

--
-- Indices de la tabla `publicidad`
--
ALTER TABLE `publicidad`
  ADD PRIMARY KEY (`id_imagen`);

--
-- Indices de la tabla `tipo`
--
ALTER TABLE `tipo`
  ADD PRIMARY KEY (`CODTIPO`);

--
-- Indices de la tabla `usuario`
--
ALTER TABLE `usuario`
  ADD PRIMARY KEY (`IDUSUARIO`),
  ADD KEY `FK_RELATIONSHIP_9` (`CODTIPO`);

--
-- AUTO_INCREMENT de las tablas volcadas
--

--
-- AUTO_INCREMENT de la tabla `avisos`
--
ALTER TABLE `avisos`
  MODIFY `CODAVISO` int(10) NOT NULL AUTO_INCREMENT, AUTO_INCREMENT=62;
--
-- AUTO_INCREMENT de la tabla `publicidad`
--
ALTER TABLE `publicidad`
  MODIFY `id_imagen` int(11) NOT NULL AUTO_INCREMENT, AUTO_INCREMENT=13;
--
-- Restricciones para tablas volcadas
--

--
-- Filtros para la tabla `asignacion`
--
ALTER TABLE `asignacion`
  ADD CONSTRAINT `FK_RELATIONSHIP_5` FOREIGN KEY (`IDDOC`) REFERENCES `docente` (`IDDOC`),
  ADD CONSTRAINT `FK_RELATIONSHIP_7` FOREIGN KEY (`CODMAT`) REFERENCES `materia` (`CODMAT`);

--
-- Filtros para la tabla `avisos`
--
ALTER TABLE `avisos`
  ADD CONSTRAINT `FK_RELATIONSHIP_10` FOREIGN KEY (`IDDOC`) REFERENCES `docente` (`IDDOC`),
  ADD CONSTRAINT `FK_RELATIONSHIP_11` FOREIGN KEY (`CODMAT`) REFERENCES `materia` (`CODMAT`),
  ADD CONSTRAINT `FK_RELATIONSHIP_12` FOREIGN KEY (`IDUSUARIO`) REFERENCES `usuario` (`IDUSUARIO`);

--
-- Filtros para la tabla `usuario`
--
ALTER TABLE `usuario`
  ADD CONSTRAINT `FK_RELATIONSHIP_9` FOREIGN KEY (`CODTIPO`) REFERENCES `tipo` (`CODTIPO`);

/*!40101 SET CHARACTER_SET_CLIENT=@OLD_CHARACTER_SET_CLIENT */;
/*!40101 SET CHARACTER_SET_RESULTS=@OLD_CHARACTER_SET_RESULTS */;
/*!40101 SET COLLATION_CONNECTION=@OLD_COLLATION_CONNECTION */;
